{
  "Alluvial soil": {
    "precision": 1.0,
    "recall": 0.9056603773584906,
    "f1-score": 0.9504950495049505,
    "support": 53.0
  },
  "Black Soil": {
    "precision": 0.9663865546218487,
    "recall": 0.9913793103448276,
    "f1-score": 0.9787234042553191,
    "support": 116.0
  },
  "Clay soil": {
    "precision": 0.9393939393939394,
    "recall": 0.9538461538461539,
    "f1-score": 0.9465648854961832,
    "support": 65.0
  },
  "Red soil": {
    "precision": 0.9813084112149533,
    "recall": 0.9905660377358491,
    "f1-score": 0.9859154929577465,
    "support": 106.0
  },
  "accuracy": 0.9705882352941176,
  "macro avg": {
    "precision": 0.9717722263076853,
    "recall": 0.9603629698213303,
    "f1-score": 0.9654247080535497,
    "support": 340.0
  },
  "weighted avg": {
    "precision": 0.9711180528986046,
    "recall": 0.9705882352941176,
    "f1-score": 0.9704173892004484,
    "support": 340.0
  }
}